{
  "4e7 non-scaled": [
    5.550046726000801,
    2.9020586459992046,
    2.0028296949985815,
    1.566622432999793,
    1.4577709689983749,
    1.4153597539989278,
    1.3456615340001008,
    1.1749288510000042
  ],
  "8e7 non-scaled": [
    11.577321916000074,
    5.882784622999679,
    4.093561748999491,
    3.1875433170007454,
    3.029614038001455,
    2.667403784000271,
    2.53526303399849,
    2.340549235999788
  ],
  "1e8 non-scaled": [
    14.773458734000087,
    7.512493031999838,
    5.28500942699975,
    4.07500508999874,
    3.778971703000934,
    3.4484845170009066,
    3.1279568360005214,
    2.9568123310000374
  ],
  "4e7 scaled": [
    5.577102228999138,
    6.048746630000096,
    6.465497354998661,
    6.7054030829986,
    7.885526842001127,
    8.50942004800163,
    9.483681192999939,
    10.219832714001313
  ],
  "8e7 scaled": [
    11.645634316000724,
    12.337141734999022,
    13.130515852999451,
    13.515586449000693,
    16.399680812000952,
    17.350943137000286,
    19.711069216000396,
    21.129886452999926
  ],
  "1e8 scaled": [
    14.839925751999544,
    15.678075828998772,
    16.569911905999106,
    17.188200005999533,
    21.207958743001655,
    22.30780945600054,
    24.791940524000893,
    26.59186226699967
  ]
}
