{
  "4e7 non-scaled": [
    43.46464745799949,
    22.25361304299986,
    15.16233283299971,
    11.497255858999779,
    9.564532240000517,
    8.709692182000254,
    7.557258697999714,
    6.846906988000228
  ],
  "8e7 non-scaled": [
    86.0418367379998,
    44.831879770999876,
    30.67467049700008,
    22.96693843400044,
    19.632639229999768,
    17.08026900099958,
    15.039459910000005,
    14.087621998000031
  ],
  "1e8 non-scaled": [
    106.78046033400005,
    56.71469758800049,
    38.02273860300011,
    28.744015331999435,
    24.941003974000523,
    21.0888536070006,
    19.726457054000093,
    17.35656589500013
  ],
  "4e7 scaled": [
    43.34678367000015,
    45.68210881599953,
    46.917778582999745,
    46.36238962900006,
    49.934191416999965,
    51.43631225899935,
    53.98536415300077,
    57.7993202889993
  ],
  "8e7 scaled": [
    86.1939148190013,
    90.16598856900055,
    91.10167979899961,
    92.42909601399879,
    99.60710663099962,
    104.65550510199864,
    110.01412968400109,
    115.72123207000004
  ],
  "1e8 scaled": [
    109.86384244100009,
    113.1541369229999,
    117.13543901199955,
    118.23684439399949,
    122.94859092499973,
    140.51230325699908,
    138.48240163500122,
    143.06464583999878
  ]
}
