{
  "4e7 non-scaled": [
    7.427116584999567,
    4.6537555879995125,
    4.050088060999769,
    3.682386352999856,
    3.306056541000544,
    2.869622447000438,
    2.738276133999534,
    2.6496905989997686
  ],
  "8e7 non-scaled": [
    15.540731736999987,
    10.641041503000451,
    8.723460918000455,
    7.449191544000314,
    6.7311340559999735,
    5.824248926999644,
    5.6053402850002385,
    5.5318808920001175
  ],
  "1e8 non-scaled": [
    19.211916909000138,
    12.384895574999973,
    10.492699317000188,
    9.4611015269993,
    8.29716665199976,
    7.308083467999495,
    7.01743534399975,
    7.302065269000195
  ],
  "4e7 scaled": [
    7.474726925999676,
    9.524293077999573,
    12.718756452999514,
    15.119055035999736,
    16.93795278200014,
    17.868367552000564,
    20.082990303999395,
    22.884174088999316
  ],
  "8e7 scaled": [
    15.242066472999795,
    19.277444821000245,
    26.825200608999694,
    30.733218592999947,
    34.408754861999114,
    37.13514695400045,
    41.45891856099934,
    48.16475069700027
  ],
  "1e8 scaled": [
    18.842175053000574,
    24.34929823099992,
    33.95107673600069,
    38.00654646400017,
    42.639293076000286,
    45.376988365000216,
    53.99886000800052,
    58.974272849000045
  ]
}
