{
  "4e7 non-scaled": [
    4.842991911998979,
    2.489488100000017,
    1.7049328680004692,
    1.3128375639989827,
    1.1907614749998174,
    1.0902645850001136,
    1.0070180399998208,
    0.9447100449997379
  ],
  "8e7 non-scaled": [
    9.768800456999088,
    5.047187801001201,
    3.5479279610008234,
    2.710135483999693,
    2.48871384299855,
    2.273491587000535,
    2.08321606500067,
    1.9355320880004
  ],
  "1e8 non-scaled": [
    12.864723138000045,
    6.691017253000609,
    4.505835769999976,
    3.4427809530006925,
    3.1467264689999865,
    2.8143688529999054,
    2.6627601710006275,
    2.488612818000547
  ],
  "4e7 scaled": [
    4.756684830999802,
    5.209083418001683,
    5.487336794998555,
    5.515717334999863,
    6.530492007001158,
    7.222702953999033,
    7.633478374000333,
    8.17917846599994
  ],
  "8e7 scaled": [
    10.023215164999783,
    10.9158232030004,
    11.08133382000051,
    11.396837792999577,
    13.15860293500009,
    14.78227068600063,
    16.361555724999562,
    17.61293444399962
  ],
  "1e8 scaled": [
    12.751356429000225,
    13.66479579299994,
    13.917653767000957,
    14.548245890000544,
    17.13374329600083,
    18.873107024001,
    20.86549623999963,
    22.458973488000993
  ]
}
