{
  "4e7 non-scaled": [
    5.13442413499979,
    3.0037845580000067,
    2.3075204189999567,
    1.7459175710000636,
    1.8617131719993267,
    1.6274967600002128,
    1.5199333099999421,
    1.4065355089996956
  ],
  "8e7 non-scaled": [
    10.91862383500029,
    6.452824779999901,
    4.653888830999676,
    3.5656566319994454,
    3.36603787400054,
    3.300779139000042,
    2.946964210999795,
    2.7302065160001803
  ],
  "1e8 non-scaled": [
    13.815759667999373,
    7.921236969000347,
    5.800493293000727,
    4.500143825000123,
    4.27272806900055,
    3.987116242999946,
    3.7430674400002317,
    3.591689363000114
  ],
  "4e7 scaled": [
    5.492399020999983,
    6.412478084000213,
    7.020580841000083,
    7.2987009489997945,
    9.255052425999565,
    10.021609743999761,
    10.686857748000875,
    11.650692238999909
  ],
  "8e7 scaled": [
    10.766405528000178,
    12.8457170340007,
    14.330623261000255,
    14.92677814200033,
    19.003016100999957,
    20.528112936999605,
    21.659035258000586,
    24.04898257700006
  ],
  "1e8 scaled": [
    13.625212397999348,
    16.258877809000296,
    17.79585389299973,
    18.7605405409995,
    23.843785722000575,
    24.62396678999994,
    26.895937067999512,
    29.102270751000106
  ]
}
