{
  "4e7 non-scaled": [
    4.217499492002389,
    2.215990979999333,
    1.5435318680029013,
    1.1769385839979805,
    1.1107178320016828,
    1.0939084389974596,
    0.9996612180002558,
    0.9452381600021909
  ],
  "8e7 non-scaled": [
    8.855259042000398,
    4.591464062999876,
    3.217599578998488,
    2.3518040269991616,
    2.1990010989975417,
    2.1149458959989715,
    2.0413164409983438,
    1.9257539409991296
  ],
  "1e8 non-scaled": [
    11.442027754001174,
    5.768636816999788,
    3.9892739140013873,
    3.101848685000732,
    2.920392305997666,
    2.6210531360011373,
    2.5057962220016634,
    2.399710616999073
  ],
  "4e7 scaled": [
    4.204992713999673,
    4.648375523000141,
    4.8605801119992975,
    5.096722327001771,
    5.876976274998015,
    6.46821705000184,
    7.114907704999496,
    8.267858065999462
  ],
  "8e7 scaled": [
    9.143247077001433,
    9.714146280999557,
    9.834634204002214,
    10.881136887001048,
    13.329715340998519,
    13.722641168002156,
    15.164383940002153,
    16.77303952299917
  ],
  "1e8 scaled": [
    11.09045585000058,
    12.141029899001296,
    12.326617120001174,
    12.960862724001345,
    15.355045299998892,
    16.840956764997827,
    18.79578909599877,
    21.018878438000684
  ]
}
