{
  "4e7 non-scaled": [
    6.397032046000277,
    3.4676857239992387,
    2.4201824199999464,
    2.056383926000308,
    1.8297363109995786,
    1.640565142000014,
    1.5247681939999893,
    1.4418926979997195
  ],
  "8e7 non-scaled": [
    12.921837674000017,
    6.935744364999664,
    4.929358368999601,
    4.055553879000399,
    3.704285886999969,
    3.255526235000616,
    3.0927516130004733,
    3.074108292999881
  ],
  "1e8 non-scaled": [
    16.618390960000397,
    8.670379528000012,
    6.147224382999411,
    4.939878566000516,
    4.580713239000033,
    4.172558957000547,
    4.03545562599993,
    3.9394598079998104
  ],
  "4e7 scaled": [
    6.489976652999758,
    7.163651212999866,
    7.534048311999868,
    8.053682818999732,
    9.100842553999428,
    9.908609668000281,
    11.246279585000593,
    11.851082582000345
  ],
  "8e7 scaled": [
    12.421718221999981,
    13.869480929999554,
    14.638106432999848,
    14.92553251300069,
    16.98625900299976,
    18.184917999999925,
    19.114118542999677,
    20.322962921
  ],
  "1e8 scaled": [
    15.938168765000228,
    17.225714842999878,
    18.206576624000263,
    18.518262926000716,
    21.823859328999788,
    22.32184789800067,
    24.03574922700045,
    25.906078531000276
  ]
}
