{
  "4e7 non-scaled": [
    5.366492491999452,
    3.861760292999861,
    3.3326529769992703,
    2.97451404200001,
    2.607380284000101,
    2.130416700999376,
    2.215086866999627,
    2.2331526059997486
  ],
  "8e7 non-scaled": [
    10.72359291199973,
    7.305439280000428,
    6.7039827410008,
    5.799810874999821,
    5.371367923999969,
    4.508074435999333,
    4.114449800999864,
    4.360876761000327
  ],
  "1e8 non-scaled": [
    13.350068424999336,
    9.112266583999372,
    8.276163548000113,
    7.161401053000191,
    6.530669398999635,
    5.3103246909995505,
    5.0916599649999625,
    5.523886421999123
  ],
  "4e7 scaled": [
    5.154318159000468,
    7.769614376999925,
    10.071639241999947,
    11.527140212000631,
    12.945654981999724,
    13.023378102000606,
    15.762112905000322,
    17.4562762810001
  ],
  "8e7 scaled": [
    11.078710877000049,
    15.287668058000236,
    20.182884912999725,
    23.500215633999687,
    25.561453074000383,
    28.054417732999354,
    32.57289268600016,
    33.71489859399935
  ],
  "1e8 scaled": [
    13.769170272999872,
    17.78830228700008,
    25.386428681000325,
    29.78960379399996,
    32.742087468000136,
    32.670210645000225,
    40.03023213600045,
    41.72061871799997
  ]
}
